<?xml version='1.0' encoding='UTF-8'?>
<description
 xmlns="http://openoffice.org/extensions/description/2006"
 xmlns:dep="http://openoffice.org/extensions/description/2006"
 xmlns:lo="http://libreoffice.org/extensions/description/2011"
 xmlns:xlink="http://www.w3.org/1999/xlink">
    <identifier value="org.iconset.office2013"/>
	<version value="1.1"/>
	<platform value="all" />
    <display-name name="Office 2013 Icon Theme"/>
    <dependencies>
        <lo:LibreOffice-minimal-version d:name="LibreOffice 6.0" value="6.0"/>
    </dependencies>
    <publisher>
	    <name xlink:href="https://github.com/grassmunk/Chicago95">CNR</name>
    </publisher>
    <icon>
        <default xlink:href="icons/office95-icon.png"/>
    </icon>
    <extension-description>
       <src xlink:href="pkg-desc/pkg-description.txt" />
    </extension-description>
</description>
